track,stage,seed,train_classes,eval_classes,train_rank_start,train_rank_end,new_ng_images,historical_ng_images_per_class,adaptive_threshold,adaptive_f1,adaptive_recall_ng,adaptive_specificity_ok,adaptive_fp,adaptive_fn,fixed_threshold,fixed_f1,fixed_recall_ng,fixed_specificity_ok,fixed_fp,fixed_fn,adaptive_recall_missing_hole,fixed_recall_missing_hole,adaptive_recall_mouse_bite,fixed_recall_mouse_bite,adaptive_recall_open_circuit,fixed_recall_open_circuit,adaptive_recall_short,fixed_recall_short,adaptive_recall_spur,fixed_recall_spur,adaptive_recall_spurious_copper,fixed_recall_spurious_copper
horizontal,H01_missing_hole,20260910,missing_hole,missing_hole,1,80,80,,0.6900000000000001,1.0,1.0,1.0,0,0,0.6900000000000001,1.0,1.0,1.0,0,0,1.0,1.0,,,,,,,,,,
horizontal,H02_mouse_bite,20260910,mouse_bite,missing_hole;mouse_bite,1,80,80,,0.62,1.0,1.0,1.0,0,0,0.6900000000000001,0.9743589743589743,0.95,1.0,0,2,1.0,1.0,1.0,0.9,,,,,,,,
horizontal,H03_open_circuit,20260910,open_circuit,missing_hole;mouse_bite;open_circuit,1,80,80,,0.66,0.9915966386554622,0.9833333333333333,1.0,0,1,0.6900000000000001,0.9743589743589743,0.95,1.0,0,3,1.0,1.0,0.95,0.95,1.0,0.9,,,,,,
horizontal,H04_short,20260910,short,missing_hole;mouse_bite;open_circuit;short,1,80,80,,0.62,1.0,1.0,1.0,0,0,0.6900000000000001,0.980891719745223,0.9625,1.0,0,3,1.0,1.0,1.0,0.95,1.0,0.9,1.0,1.0,,,,
horizontal,H05_spur,20260910,spur,missing_hole;mouse_bite;open_circuit;short;spur,1,80,80,,0.6186052858829498,0.9949748743718593,0.99,1.0,0,1,0.6900000000000001,0.9690721649484536,0.94,1.0,0,6,1.0,1.0,1.0,0.95,1.0,0.95,1.0,1.0,0.95,0.8,,
horizontal,H06_spurious_copper,20260910,spurious_copper,missing_hole;mouse_bite;open_circuit;short;spur;spurious_copper,1,80,80,,0.5800000000000001,1.0,1.0,1.0,0,0,0.6900000000000001,0.9873417721518987,0.975,1.0,0,3,1.0,1.0,1.0,0.95,1.0,1.0,1.0,1.0,1.0,0.9,1.0,1.0
vertical,V010,20260910,missing_hole;mouse_bite;open_circuit;short;spur;spurious_copper,missing_hole;mouse_bite;open_circuit;short;spur;spurious_copper,1,8,48,8,0.66,0.99581589958159,0.9916666666666667,1.0,0,1,0.66,0.99581589958159,0.9916666666666667,1.0,0,1,1.0,1.0,1.0,1.0,1.0,1.0,1.0,1.0,0.95,0.95,1.0,1.0
vertical,V020,20260910,missing_hole;mouse_bite;open_circuit;short;spur;spurious_copper,missing_hole;mouse_bite;open_circuit;short;spur;spurious_copper,9,16,48,16,0.6188244521617889,1.0,1.0,1.0,0,0,0.66,0.983050847457627,0.9666666666666667,1.0,0,4,1.0,1.0,1.0,0.95,1.0,0.95,1.0,1.0,1.0,0.9,1.0,1.0
vertical,V030,20260910,missing_hole;mouse_bite;open_circuit;short;spur;spurious_copper,missing_hole;mouse_bite;open_circuit;short;spur;spurious_copper,17,24,48,24,0.6571673154830933,1.0,1.0,1.0,0,0,0.66,0.9873417721518987,0.975,1.0,0,3,1.0,1.0,1.0,0.95,1.0,1.0,1.0,1.0,1.0,0.9,1.0,1.0
vertical,V040,20260910,missing_hole;mouse_bite;open_circuit;short;spur;spurious_copper,missing_hole;mouse_bite;open_circuit;short;spur;spurious_copper,25,32,48,32,0.5558547675609589,1.0,1.0,1.0,0,0,0.66,0.9743589743589743,0.95,1.0,0,6,1.0,1.0,1.0,0.95,1.0,0.95,1.0,1.0,1.0,0.8,1.0,1.0
vertical,V050,20260910,missing_hole;mouse_bite;open_circuit;short;spur;spurious_copper,missing_hole;mouse_bite;open_circuit;short;spur;spurious_copper,33,40,48,40,0.56,0.9915966386554622,0.9833333333333333,1.0,0,2,0.66,0.9873417721518987,0.975,1.0,0,3,1.0,1.0,1.0,0.95,1.0,1.0,1.0,1.0,0.9,0.9,1.0,1.0
vertical,V060,20260910,missing_hole;mouse_bite;open_circuit;short;spur;spurious_copper,missing_hole;mouse_bite;open_circuit;short;spur;spurious_copper,41,48,48,48,0.6394339799880981,1.0,1.0,1.0,0,0,0.66,0.9873417721518987,0.975,1.0,0,3,1.0,1.0,1.0,0.95,1.0,1.0,1.0,1.0,1.0,0.9,1.0,1.0
vertical,V070,20260910,missing_hole;mouse_bite;open_circuit;short;spur;spurious_copper,missing_hole;mouse_bite;open_circuit;short;spur;spurious_copper,49,56,48,56,0.5700000000000001,0.99581589958159,0.9916666666666667,1.0,0,1,0.66,0.9743589743589743,0.95,1.0,0,6,1.0,1.0,1.0,0.95,1.0,0.95,1.0,1.0,0.95,0.8,1.0,1.0
vertical,V080,20260910,missing_hole;mouse_bite;open_circuit;short;spur;spurious_copper,missing_hole;mouse_bite;open_circuit;short;spur;spurious_copper,57,64,48,64,0.6,0.9836065573770492,1.0,0.8,4,0,0.66,0.9873417721518987,0.975,1.0,0,3,1.0,1.0,1.0,0.95,1.0,1.0,1.0,1.0,1.0,0.9,1.0,1.0
vertical,V090,20260910,missing_hole;mouse_bite;open_circuit;short;spur;spurious_copper,missing_hole;mouse_bite;open_circuit;short;spur;spurious_copper,65,72,48,72,0.54,1.0,1.0,1.0,0,0,0.66,0.983050847457627,0.9666666666666667,1.0,0,4,1.0,1.0,1.0,0.95,1.0,1.0,1.0,1.0,1.0,0.85,1.0,1.0
vertical,V100,20260910,missing_hole;mouse_bite;open_circuit;short;spur;spurious_copper,missing_hole;mouse_bite;open_circuit;short;spur;spurious_copper,73,80,48,80,0.5685940086841583,0.9915966386554622,0.9833333333333333,1.0,0,2,0.66,0.9873417721518987,0.975,1.0,0,3,1.0,1.0,1.0,0.95,1.0,1.0,1.0,1.0,0.9,0.9,1.0,1.0
