experiment,run,aggregation,auroc,auprc,f1,recall_ng,specificity_ok,fp,fn,latency_ms_per_tile,parameters
S01,S01_baseline,top2,1.0,0.9999999999999999,0.99581589958159,0.9916666666666667,1.0,0,1,2.3965942915917062,33719363
S02,S02_prototype,top2,0.9983333333333334,0.999731182795699,0.9794238683127573,0.9916666666666667,0.8,4,1,2.432849651571208,33722567
S03,S03_glass,top2,0.9975,0.99959171034005,0.9916666666666667,0.9916666666666667,0.95,1,1,2.393289068034695,33719363
S04,S04_cpg_ssn,top2,1.0,0.9999999999999998,0.9876543209876543,1.0,0.85,3,0,2.4189099844079465,33722567
S06,S06_overlap64,top2,1.0,0.9999999999999999,1.0,1.0,1.0,0,0,2.443429439153988,33722567
S07-30,S07_shot30,top2,0.98,0.9967857142857145,0.975609756097561,1.0,0.7,3,0,2.4325044481277778,33722567
S07-50,S07_shot50,top2,1.0,1.0,1.0,1.0,1.0,0,0,2.422992658587949,33722567
S07-100,S07_shot100,top2,0.9933333333333334,0.9988791559809611,0.9917355371900827,1.0,0.9,1,0,2.418572108823961,33722567
S08,S08_resnet18,top2,1.0,0.9999999999999999,1.0,1.0,1.0,0,0,0.7085253164405003,4563783
